{"solo": {"anger": 0.7156686349377922, "formality": 0.5722186788565526, "happiness": 0.6221269452144644, "ocean": 0.4728937348831295}}