{"E28_var_top3": 0.6638903021812439, "E35_full": 0.7156686349377922}