{
  "hyp": "E7",
  "model": "models/google/gemma-3-270m-it",
  "layer": 16,
  "behavior": "ocean",
  "instrument": "gemini_judge",
  "n_seeds": 20,
  "knee_alpha": 0.1,
  "alphas": [
    0.05,
    0.1,
    0.15
  ],
  "extraction_stability": {
    "mean_cosine_to_full": 0.9403612386067417,
    "std": 0.02353310755214186,
    "ci95": [
      0.8769162873772053,
      0.9732175539824457
    ]
  },
  "ppl_base": 90.21020134772114,
  "results": {
    "0.05": {
      "real": {
        "seed_behavior": [
          0.5,
          0.7250000000000001,
          0.7250000000000001,
          0.5249999999999999,
          0.625,
          0.7250000000000001,
          0.7250000000000001,
          0.625,
          0.6499999999999999,
          0.7250000000000001,
          0.7000000000000001,
          0.5750000000000001,
          0.75,
          0.75,
          0.5750000000000001,
          0.7,
          0.75,
          0.7,
          0.7,
          0.5
        ],
        "mean_behavior": 0.6624999999999999,
        "ppl": 104.97203322605141,
        "coherence": 0.8593736691263736
      },
      "random": {
        "seed_behavior": [
          0.22499999999999998,
          0.22499999999999998,
          0.27499999999999997,
          0.0,
          0.125,
          0.175,
          0.05,
          0.175,
          0.125,
          0.075,
          0.175,
          0.425,
          0.1,
          0.0,
          0.325,
          0.125,
          0.125,
          0.35,
          0.05,
          0.125
        ],
        "mean_behavior": 0.1625,
        "ppl": 434.8353761594908,
        "coherence": 0.20745828490862908
      },
      "shuffled": {
        "seed_behavior": [
          0.675,
          0.7250000000000001,
          0.6499999999999999,
          0.6499999999999999,
          0.5,
          0.625,
          0.6499999999999999,
          0.475,
          0.7,
          0.475,
          0.55,
          0.175,
          0.7250000000000001,
          0.6,
          0.525,
          0.5249999999999999,
          0.7,
          0.575,
          0.6499999999999999,
          0.7250000000000001
        ],
        "mean_behavior": 0.5937499999999999,
        "ppl": 98.0672178736753,
        "coherence": 0.9198813151274063
      }
    },
    "0.1": {
      "real": {
        "seed_behavior": [
          0.725,
          0.825,
          0.8,
          0.75,
          0.7,
          0.7750000000000001,
          0.7750000000000001,
          0.675,
          0.7,
          0.7,
          0.7750000000000001,
          0.75,
          0.7250000000000001,
          0.7,
          0.55,
          0.75,
          0.8500000000000001,
          0.55,
          0.7749999999999999,
          0.75
        ],
        "mean_behavior": 0.7300000000000001,
        "ppl": 146.84623298185025,
        "coherence": 0.6143174361355778
      },
      "random": {
        "seed_behavior": [
          0.0,
          0.0,
          0.0,
          0.0,
          0.0,
          0.025,
          0.0,
          0.0,
          0.0,
          0.0,
          0.0,
          0.0,
          0.0,
          0.0,
          0.0,
          0.0,
          0.0,
          0.0,
          0.0,
          0.0
        ],
        "mean_behavior": 0.00125,
        "ppl": 52348.15058627816,
        "coherence": 0.0017232738950160806
      },
      "shuffled": {
        "seed_behavior": [
          0.6,
          0.675,
          0.7249999999999999,
          0.39999999999999997,
          0.6499999999999999,
          0.5,
          0.7,
          0.375,
          0.6499999999999999,
          0.475,
          0.5249999999999999,
          0.5499999999999999,
          0.7,
          0.675,
          0.375,
          0.5999999999999999,
          0.7,
          0.7,
          0.6,
          0.7250000000000001
        ],
        "mean_behavior": 0.5949999999999999,
        "ppl": 126.24920584992473,
        "coherence": 0.7145407429953311
      }
    },
    "0.15": {
      "real": {
        "seed_behavior": [
          0.7250000000000001,
          0.8250000000000001,
          0.7749999999999999,
          0.8,
          0.7749999999999999,
          0.8,
          0.8,
          0.75,
          0.8,
          0.75,
          0.7750000000000001,
          0.8,
          0.675,
          0.75,
          0.45,
          0.7250000000000001,
          0.8,
          0.7749999999999999,
          0.8,
          0.75
        ],
        "mean_behavior": 0.7550000000000001,
        "ppl": 225.59055626317766,
        "coherence": 0.39988465318770516
      },
      "random": {
        "seed_behavior": [
          0.0,
          0.0,
          0.0,
          0.0,
          0.0,
          0.0,
          0.0,
          0.0,
          0.0,
          0.0,
          0.0,
          0.0,
          0.0,
          0.0,
          0.0,
          0.0,
          0.0,
          0.0,
          0.0,
          0.0
        ],
        "mean_behavior": 0.0,
        "ppl": 112864665.66577148,
        "coherence": 7.992776200202684e-07
      },
      "shuffled": {
        "seed_behavior": [
          0.6499999999999999,
          0.7,
          0.75,
          0.475,
          0.6499999999999999,
          0.6,
          0.6499999999999999,
          0.6,
          0.5249999999999999,
          0.375,
          0.525,
          0.475,
          0.5249999999999999,
          0.3,
          0.5249999999999999,
          0.6,
          0.475,
          0.39999999999999997,
          0.5249999999999999,
          0.5249999999999999
        ],
        "mean_behavior": 0.5425,
        "ppl": 181.97307572126186,
        "coherence": 0.49573378366667664
      }
    }
  },
  "holm_family_p": [
    0.050499472392051444,
    0.0003879482272605827,
    0.0001286994776205061
  ],
  "holm": {
    "reject": [
      false,
      true,
      true
    ],
    "adjusted": [
      0.050499472392051444,
      0.0007758964545211654,
      0.0003860984328615183
    ],
    "order": [
      2,
      1,
      0
    ]
  },
  "vs_random": {
    "wilcoxon": {
      "statistic": 0.0,
      "p_value": 9.27703673578401e-05,
      "n": 20
    },
    "bootstrap_ci": {
      "mean": 0.72875,
      "lo": 0.695,
      "hi": 0.76
    },
    "ordinal_gate": {
      "passes": true,
      "worst_eval": 0.55,
      "best_baseline": 0.025
    },
    "holm": null,
    "legs": {
      "wilcoxon_significant": true,
      "ci_excludes_zero": true,
      "ordinal_gate_passes": true,
      "holm_rejected": true
    },
    "external_ready": true
  },
  "vs_shuffled": {
    "wilcoxon": {
      "statistic": 9.5,
      "p_value": 0.0003879482272605827,
      "n": 20
    },
    "bootstrap_ci": {
      "mean": 0.13500000000000006,
      "lo": 0.08375000000000007,
      "hi": 0.18375000000000002
    },
    "ordinal_gate": {
      "passes": false,
      "worst_eval": 0.55,
      "best_baseline": 0.7250000000000001
    },
    "holm": {
      "reject": [
        false,
        true,
        true
      ],
      "adjusted": [
        0.050499472392051444,
        0.0007758964545211654,
        0.0003860984328615183
      ],
      "order": [
        2,
        1,
        0
      ]
    },
    "legs": {
      "wilcoxon_significant": true,
      "ci_excludes_zero": true,
      "ordinal_gate_passes": false,
      "holm_rejected": true
    },
    "external_ready": false
  },
  "matched_coherence": true,
  "single_model_verdict": "PROVISIONAL",
  "timestamp": "2026-06-02T00:14:38"
}