{
  "hyp": "E7",
  "model": "models/google/gemma-3-1b-it",
  "layer": 18,
  "behavior": "ocean",
  "instrument": "gemini_judge",
  "n_seeds": 20,
  "knee_alpha": 0.1,
  "alphas": [
    0.05,
    0.1,
    0.15
  ],
  "extraction_stability": {
    "mean_cosine_to_full": 0.9233600677680317,
    "std": 0.03075781540502725,
    "ci95": [
      0.8489219293015972,
      0.967052309202138
    ]
  },
  "ppl_base": 73.97319616539373,
  "results": {
    "0.05": {
      "real": {
        "seed_behavior": [
          0.575,
          0.49999999999999994,
          0.7,
          0.425,
          0.475,
          0.6499999999999999,
          0.475,
          0.6000000000000001,
          0.5249999999999999,
          0.3,
          0.7,
          0.675,
          0.55,
          0.5249999999999999,
          0.5249999999999999,
          0.55,
          0.425,
          0.675,
          0.6,
          0.55
        ],
        "mean_behavior": 0.55,
        "ppl": 108.44025504923546,
        "coherence": 0.6821562355694007
      },
      "random": {
        "seed_behavior": [
          0.125,
          0.45,
          0.625,
          0.45,
          0.35,
          0.6499999999999999,
          0.39999999999999997,
          0.325,
          0.39999999999999997,
          0.425,
          0.475,
          0.4,
          0.44999999999999996,
          0.55,
          0.325,
          0.375,
          0.525,
          0.37499999999999994,
          0.375,
          0.5
        ],
        "mean_behavior": 0.42750000000000005,
        "ppl": 112.93659044731645,
        "coherence": 0.6549976041941107
      },
      "shuffled": {
        "seed_behavior": [
          0.35,
          0.3,
          0.5249999999999999,
          0.45,
          0.35,
          0.625,
          0.325,
          0.675,
          0.5499999999999999,
          0.375,
          0.425,
          0.225,
          0.425,
          0.575,
          0.5,
          0.475,
          0.325,
          0.475,
          0.375,
          0.425
        ],
        "mean_behavior": 0.4375,
        "ppl": 79.90188140425141,
        "coherence": 0.9258004300534501
      }
    },
    "0.1": {
      "real": {
        "seed_behavior": [
          0.7,
          0.475,
          0.7249999999999999,
          0.475,
          0.6499999999999999,
          0.675,
          0.7250000000000001,
          0.625,
          0.675,
          0.375,
          0.35000000000000003,
          0.6749999999999999,
          0.325,
          0.35,
          0.375,
          0.625,
          0.35,
          0.5750000000000001,
          0.6,
          0.6499999999999999
        ],
        "mean_behavior": 0.5487499999999998,
        "ppl": 214.35200562716304,
        "coherence": 0.3451014883462733
      },
      "random": {
        "seed_behavior": [
          0.475,
          0.475,
          0.425,
          0.425,
          0.3,
          0.35,
          0.325,
          0.45,
          0.35,
          0.475,
          0.35,
          0.2,
          0.0,
          0.35,
          0.175,
          0.5249999999999999,
          0.25,
          0.15,
          0.3,
          0.225
        ],
        "mean_behavior": 0.32875,
        "ppl": 204.4555659631739,
        "coherence": 0.3618057342840917
      },
      "shuffled": {
        "seed_behavior": [
          0.5,
          0.3,
          0.375,
          0.3,
          0.375,
          0.55,
          0.5249999999999999,
          0.45,
          0.475,
          0.32499999999999996,
          0.5,
          0.425,
          0.475,
          0.5,
          0.55,
          0.6499999999999999,
          0.375,
          0.35,
          0.625,
          0.425
        ],
        "mean_behavior": 0.4525,
        "ppl": 105.80459934628482,
        "coherence": 0.6991491544360704
      }
    },
    "0.15": {
      "real": {
        "seed_behavior": [
          0.7,
          0.5249999999999999,
          0.7,
          0.39999999999999997,
          0.7,
          0.65,
          0.5249999999999999,
          0.55,
          0.7,
          0.425,
          0.7,
          0.7250000000000001,
          0.49999999999999994,
          0.5249999999999999,
          0.575,
          0.475,
          0.6,
          0.475,
          0.55,
          0.375
        ],
        "mean_behavior": 0.56875,
        "ppl": 467.989092072883,
        "coherence": 0.15806606911746723
      },
      "random": {
        "seed_behavior": [
          0.3,
          0.175,
          0.025,
          0.5249999999999999,
          0.35,
          0.175,
          0.22499999999999998,
          0.55,
          0.175,
          0.325,
          0.15,
          0.125,
          0.125,
          0.475,
          0.05,
          0.375,
          0.2,
          0.425,
          0.3,
          0.2
        ],
        "mean_behavior": 0.2625,
        "ppl": 361.76179970973465,
        "coherence": 0.20448039630691384
      },
      "shuffled": {
        "seed_behavior": [
          0.475,
          0.25,
          0.425,
          0.3,
          0.45,
          0.525,
          0.5249999999999999,
          0.35,
          0.375,
          0.6,
          0.275,
          0.3,
          0.475,
          0.5,
          0.375,
          0.475,
          0.35,
          0.35,
          0.5,
          0.32499999999999996
        ],
        "mean_behavior": 0.41,
        "ppl": 163.6953085907469,
        "coherence": 0.45189563957397494
      }
    }
  },
  "holm_family_p": [
    0.0029878818981422567,
    0.014422323229740838,
    0.0007960266874644295
  ],
  "holm": {
    "reject": [
      true,
      true,
      true
    ],
    "adjusted": [
      0.005975763796284513,
      0.014422323229740838,
      0.0023880800623932883
    ],
    "order": [
      2,
      0,
      1
    ]
  },
  "vs_random": {
    "wilcoxon": {
      "statistic": 3.5,
      "p_value": 0.00038494478771493383,
      "n": 18
    },
    "bootstrap_ci": {
      "mean": 0.22000000000000003,
      "lo": 0.14500000000000002,
      "hi": 0.29000000000000004
    },
    "ordinal_gate": {
      "passes": false,
      "worst_eval": 0.325,
      "best_baseline": 0.5249999999999999
    },
    "holm": null,
    "legs": {
      "wilcoxon_significant": true,
      "ci_excludes_zero": true,
      "ordinal_gate_passes": false,
      "holm_rejected": true
    },
    "external_ready": false
  },
  "vs_shuffled": {
    "wilcoxon": {
      "statistic": 39.0,
      "p_value": 0.014422323229740838,
      "n": 20
    },
    "bootstrap_ci": {
      "mean": 0.09625,
      "lo": 0.024999999999999988,
      "hi": 0.1625
    },
    "ordinal_gate": {
      "passes": false,
      "worst_eval": 0.325,
      "best_baseline": 0.6499999999999999
    },
    "holm": {
      "reject": [
        true,
        true,
        true
      ],
      "adjusted": [
        0.005975763796284513,
        0.014422323229740838,
        0.0023880800623932883
      ],
      "order": [
        2,
        0,
        1
      ]
    },
    "legs": {
      "wilcoxon_significant": true,
      "ci_excludes_zero": true,
      "ordinal_gate_passes": false,
      "holm_rejected": true
    },
    "external_ready": false
  },
  "matched_coherence": false,
  "single_model_verdict": "PROVISIONAL",
  "timestamp": "2026-06-02T00:59:53"
}