{
  "hyp": "E7",
  "model": "models/google/gemma-3-270m-it",
  "layer": 16,
  "behavior": "ocean",
  "instrument": "lexicon_proxy",
  "n_seeds": 20,
  "knee_alpha": 0.1,
  "alphas": [
    0.05,
    0.1,
    0.15
  ],
  "extraction_stability": {
    "mean_cosine_to_full": 0.9403612386067417,
    "std": 0.02353310755214186,
    "ci95": [
      0.8769162873772053,
      0.9732175539824457
    ]
  },
  "ppl_base": 90.21020134772114,
  "results": {
    "0.05": {
      "real": {
        "seed_behavior": [
          0.08134920634920634,
          0.0,
          0.07045454545454546,
          0.11666666666666667,
          0.10101010101010101,
          0.08333333333333333,
          0.041666666666666664,
          0.0625,
          0.07272727272727272,
          0.17937062937062936,
          0.10795454545454546,
          0.09318181818181817,
          0.13257575757575757,
          0.08202214452214451,
          0.07417582417582418,
          0.09406565656565656,
          0.11746309246309247,
          0.10474941724941725,
          0.0931818181818182,
          0.13383838383838384
        ],
        "mean_behavior": 0.09211434398934398,
        "ppl": 104.97203322605141,
        "coherence": 0.8593736691263736
      },
      "random": {
        "seed_behavior": [
          0.020833333333333332,
          0.05208333333333333,
          0.0,
          0.0,
          0.0,
          0.05,
          0.027777777777777776,
          0.019230769230769232,
          0.06118881118881119,
          0.038461538461538464,
          0.019230769230769232,
          0.06666666666666667,
          0.05397727272727273,
          0.0,
          0.041666666666666664,
          0.022727272727272728,
          0.0,
          0.022727272727272728,
          0.027777777777777776,
          0.075
        ],
        "mean_behavior": 0.029967463092463092,
        "ppl": 434.8353761594908,
        "coherence": 0.20745828490862908
      },
      "shuffled": {
        "seed_behavior": [
          0.05208333333333333,
          0.05555555555555555,
          0.10833333333333332,
          0.048611111111111105,
          0.038461538461538464,
          0.07670454545454546,
          0.09772727272727275,
          0.08939393939393939,
          0.050505050505050504,
          0.027777777777777776,
          0.057692307692307696,
          0.07323232323232323,
          0.1288961038961039,
          0.10448232323232323,
          0.020833333333333332,
          0.027777777777777776,
          0.11527777777777778,
          0.038461538461538464,
          0.07777777777777778,
          0.07133838383838384
        ],
        "mean_behavior": 0.06804615523365523,
        "ppl": 98.0672178736753,
        "coherence": 0.9198813151274063
      }
    },
    "0.1": {
      "real": {
        "seed_behavior": [
          0.08041958041958042,
          0.05929487179487179,
          0.10256410256410256,
          0.10635198135198135,
          0.040584415584415584,
          0.06331168831168832,
          0.09166666666666666,
          0.05929487179487179,
          0.07083333333333333,
          0.10795454545454547,
          0.07692307692307693,
          0.0625,
          0.08173076923076922,
          0.12045454545454545,
          0.038461538461538464,
          0.06439393939393939,
          0.10285547785547786,
          0.045454545454545456,
          0.15,
          0.12738095238095237
        ],
        "mean_behavior": 0.08262154512154511,
        "ppl": 146.84623298185025,
        "coherence": 0.6143174361355778
      },
      "random": {
        "seed_behavior": [
          0.0,
          0.0,
          0.0,
          0.0,
          0.0,
          0.0,
          0.0,
          0.0,
          0.0,
          0.0,
          0.0,
          0.0,
          0.0,
          0.0,
          0.0,
          0.0,
          0.0,
          0.0,
          0.0,
          0.0
        ],
        "mean_behavior": 0.0,
        "ppl": 52348.15058627816,
        "coherence": 0.0017232738950160806
      },
      "shuffled": {
        "seed_behavior": [
          0.019230769230769232,
          0.05048076923076923,
          0.13097319347319347,
          0.050505050505050504,
          0.038461538461538464,
          0.022727272727272728,
          0.04772727272727273,
          0.025,
          0.05625,
          0.07777777777777778,
          0.09123931623931625,
          0.027777777777777776,
          0.06785714285714287,
          0.0817550505050505,
          0.022727272727272728,
          0.027777777777777776,
          0.07670454545454546,
          0.09748931623931624,
          0.09583333333333334,
          0.09961219336219336
        ],
        "mean_behavior": 0.06039536852036853,
        "ppl": 126.24920584992473,
        "coherence": 0.7145407429953311
      }
    },
    "0.15": {
      "real": {
        "seed_behavior": [
          0.13811188811188813,
          0.019230769230769232,
          0.13782051282051283,
          0.22977022977022976,
          0.034523809523809526,
          0.09552947052947053,
          0.08414502164502165,
          0.16833166833166832,
          0.21199633699633702,
          0.07417582417582418,
          0.09419642857142857,
          0.07142857142857142,
          0.09965034965034966,
          0.09374999999999999,
          0.07738095238095238,
          0.11498917748917747,
          0.035897435897435895,
          0.045454545454545456,
          0.09478021978021979,
          0.08333333333333333
        ],
        "mean_behavior": 0.10022482725607726,
        "ppl": 225.59055626317766,
        "coherence": 0.39988465318770516
      },
      "random": {
        "seed_behavior": [
          0.0,
          0.0,
          0.0,
          0.0,
          0.0,
          0.0,
          0.0,
          0.0,
          0.0,
          0.0,
          0.0,
          0.0,
          0.0,
          0.0,
          0.0,
          0.0,
          0.0,
          0.0,
          0.0,
          0.0
        ],
        "mean_behavior": 0.0,
        "ppl": 112864665.66577148,
        "coherence": 7.992776200202684e-07
      },
      "shuffled": {
        "seed_behavior": [
          0.03125,
          0.025,
          0.11212121212121212,
          0.09722222222222222,
          0.11837121212121213,
          0.06818181818181818,
          0.07828282828282829,
          0.019230769230769232,
          0.08333333333333333,
          0.06331168831168832,
          0.06623931623931624,
          0.09285714285714286,
          0.050505050505050504,
          0.13958333333333334,
          0.06818181818181818,
          0.04772727272727273,
          0.05555555555555555,
          0.07828282828282829,
          0.12777777777777777,
          0.05555555555555555
        ],
        "mean_behavior": 0.07392853674103675,
        "ppl": 181.97307572126186,
        "coherence": 0.49573378366667664
      }
    }
  },
  "holm_family_p": [
    0.04997990729050144,
    0.005414436660454229,
    0.13054070066070972
  ],
  "holm": {
    "reject": [
      false,
      true,
      false
    ],
    "adjusted": [
      0.09995981458100288,
      0.01624330998136269,
      0.13054070066070972
    ],
    "order": [
      1,
      0,
      2
    ]
  },
  "vs_random": {
    "wilcoxon": {
      "statistic": 0.0,
      "p_value": 9.555744839077428e-05,
      "n": 20
    },
    "bootstrap_ci": {
      "mean": 0.08262154512154511,
      "lo": 0.0700596851065601,
      "hi": 0.09609666375291374
    },
    "ordinal_gate": {
      "passes": true,
      "worst_eval": 0.038461538461538464,
      "best_baseline": 0.0
    },
    "holm": null,
    "legs": {
      "wilcoxon_significant": true,
      "ci_excludes_zero": true,
      "ordinal_gate_passes": true,
      "holm_rejected": true
    },
    "external_ready": true
  },
  "vs_shuffled": {
    "wilcoxon": {
      "statistic": 30.0,
      "p_value": 0.005414436660454229,
      "n": 20
    },
    "bootstrap_ci": {
      "mean": 0.022226176601176602,