{
  "hyp": "E7",
  "model": "models/google/gemma-3-1b-it",
  "layer": 18,
  "behavior": "ocean",
  "instrument": "lexicon_proxy",
  "n_seeds": 20,
  "knee_alpha": 0.1,
  "alphas": [
    0.05,
    0.1,
    0.15
  ],
  "extraction_stability": {
    "mean_cosine_to_full": 0.9233600677680317,
    "std": 0.03075781540502725,
    "ci95": [
      0.8489219293015972,
      0.967052309202138
    ]
  },
  "ppl_base": 73.97319616539373,
  "results": {
    "0.05": {
      "real": {
        "seed_behavior": [
          0.10474941724941725,
          0.04195804195804196,
          0.10512820512820512,
          0.0,
          0.08618881118881119,
          0.06118881118881119,
          0.04195804195804196,
          0.1167929292929293,
          0.043560606060606064,
          0.019230769230769232,
          0.041666666666666664,
          0.11498917748917749,
          0.06439393939393939,
          0.0625,
          0.04583333333333334,
          0.08846153846153847,
          0.0,
          0.07361111111111111,
          0.041666666666666664,
          0.0842948717948718
        ],
        "mean_behavior": 0.061908646908646905,
        "ppl": 108.44025504923546,
        "coherence": 0.6821562355694007
      },
      "random": {
        "seed_behavior": [
          0.06695804195804196,
          0.022727272727272728,
          0.04195804195804196,
          0.020833333333333332,
          0.0,
          0.07272727272727272,
          0.022727272727272728,
          0.05048076923076923,
          0.025,
          0.0,
          0.025,
          0.019230769230769232,
          0.045454545454545456,
          0.0625,
          0.0,
          0.09375,
          0.019230769230769232,
          0.043560606060606064,
          0.04423076923076923,
          0.020833333333333332
        ],
        "mean_behavior": 0.03486013986013986,
        "ppl": 112.93659044731645,
        "coherence": 0.6549976041941107
      },
      "shuffled": {
        "seed_behavior": [
          0.04772727272727273,
          0.05625,
          0.048611111111111105,
          0.09935897435897435,
          0.10702214452214454,
          0.09356060606060607,
          0.019230769230769232,
          0.07465277777777778,
          0.05208333333333333,
          0.03571428571428571,
          0.05,
          0.020833333333333332,
          0.06628787878787878,
          0.0826923076923077,
          0.07410714285714286,
          0.08846153846153847,
          0.10664335664335664,
          0.08901515151515152,
          0.045454545454545456,
          0.06628787878787878
        ],
        "mean_behavior": 0.06619972041847041,
        "ppl": 79.90188140425141,
        "coherence": 0.9258004300534501
      }
    },
    "0.1": {
      "real": {
        "seed_behavior": [
          0.07638888888888888,
          0.03571428571428571,
          0.04006410256410256,
          0.06923076923076923,
          0.020833333333333332,
          0.11666666666666667,
          0.045454545454545456,
          0.06118881118881119,
          0.06944444444444445,
          0.020833333333333332,
          0.038461538461538464,
          0.10069444444444445,
          0.06818181818181818,
          0.020833333333333332,
          0.05,
          0.09545454545454546,
          0.06944444444444443,
          0.13674242424242425,
          0.041666666666666664,
          0.14267676767676768
        ],
        "mean_behavior": 0.0659987581862582,
        "ppl": 214.35200562716304,
        "coherence": 0.3451014883462733
      },
      "random": {
        "seed_behavior": [
          0.04006410256410256,
          0.0,
          0.04583333333333334,
          0.043560606060606064,
          0.017857142857142856,
          0.0627913752913753,
          0.022727272727272728,
          0.0,
          0.0,
          0.041666666666666664,
          0.04195804195804196,
          0.017857142857142856,
          0.0,
          0.022727272727272728,
          0.019230769230769232,
          0.1,
          0.0,
          0.019230769230769232,
          0.0,
          0.020833333333333332
        ],
        "mean_behavior": 0.02581689144189144,
        "ppl": 204.4555659631739,
        "coherence": 0.3618057342840917
      },
      "shuffled": {
        "seed_behavior": [
          0.054945054945054944,
          0.10357142857142856,
          0.060897435897435896,
          0.06666666666666667,
          0.041666666666666664,
          0.16346153846153846,
          0.08362470862470862,
          0.04700854700854701,
          0.03571428571428571,
          0.13712121212121214,
          0.07063492063492063,
          0.025,
          0.07063492063492063,
          0.1344211344211344,
          0.09633838383838383,
          0.11013986013986014,
          0.06141774891774892,
          0.11726190476190476,
          0.11818181818181818,
          0.10953282828282829
        ],
        "mean_behavior": 0.08541205322455322,
        "ppl": 105.80459934628482,
        "coherence": 0.6991491544360704
      }
    },
    "0.15": {
      "real": {
        "seed_behavior": [
          0.11212121212121212,
          0.041666666666666664,
          0.10891608391608393,
          0.05277777777777778,
          0.06346153846153846,
          0.04772727272727273,
          0.07045454545454546,
          0.07272727272727272,
          0.07083333333333333,
          0.09217171717171718,
          0.11818181818181818,
          0.11401515151515151,
          0.10314685314685315,
          0.04006410256410256,
          0.08712121212121211,
          0.045454545454545456,
          0.1390151515151515,
          0.09545454545454546,
          0.08712121212121213,
          0.09772727272727273
        ],
        "mean_behavior": 0.08300796425796425,
        "ppl": 467.989092072883,
        "coherence": 0.15806606911746723
      },
      "random": {
        "seed_behavior": [
          0.12142857142857143,
          0.05555555555555555,
          0.0,
          0.07500000000000001,
          0.0,
          0.045454545454545456,
          0.022727272727272728,
          0.06666666666666667,
          0.022727272727272728,
          0.022727272727272728,
          0.022727272727272728,
          0.019230769230769232,
          0.0,
          0.11866258741258741,
          0.020833333333333332,
          0.07323232323232323,
          0.0,
          0.05,
          0.06695804195804196,
          0.060897435897435896
        ],
        "mean_behavior": 0.04324144605394606,
        "ppl": 361.76179970973465,
        "coherence": 0.20448039630691384
      },
      "shuffled": {
        "seed_behavior": [
          0.09772727272727272,
          0.025,
          0.04285714285714286,
          0.1431818181818182,
          0.045454545454545456,
          0.11331168831168831,
          0.12713675213675213,
          0.059027777777777776,
          0.0,
          0.15530303030303028,
          0.07045454545454546,
          0.0,
          0.09375,
          0.09027777777777776,
          0.022727272727272728,
          0.06439393939393939,
          0.08041958041958042,
          0.17083333333333334,
          0.1472222222222222,
          0.048611111111111105
        ],
        "mean_behavior": 0.07988449050949051,
        "ppl": 163.6953085907469,
        "coherence": 0.45189563957397494
      }
    }
  },
  "holm_family_p": [
    0.5869442919769576,
    0.13054070066070972,
    0.9256400695886233
  ],
  "holm": {
    "reject": [
      false,
      false,
      false
    ],
    "adjusted": [
      1.0,
      0.39162210198212916,
      1.0
    ],
    "order": [
      1,
      0,
      2
    ]
  },
  "vs_random": {
    "wilcoxon": {
      "statistic": 19.0,
      "p_value": 0.001413190930041048,
      "n": 20
    },
    "bootstrap_ci": {
      "mean": 0.040181866744366745,
      "lo": 0.02328326708014208,
      "hi": 0.057487530698468195
    },
    "ordinal_gate": {
      "passes": false,
      "worst_eval": 0.020833333333333332,