{
  "dataset": "Toxic-Chat (lmsys/toxic-chat) harmful vs. benign",
  "source": "lmsys/toxic-chat:data/0124/toxic-chat_annotation_all.csv",
  "model_id": "DavidAU/gemma-3-1b-it-heretic-extreme-uncensored-abliterated",
  "layer": 12,
  "pooling": "mean",
  "hidden_dim": 1152,
  "threshold": 0.5,
  "n_total": 748,
  "class_balance": [
    374,
    374
  ],
  "natural_base_rate_toxic": 0.07,
  "evaluation_note": "Balanced eval set (50/50). Real traffic is ~7% toxic; on the natural base rate precision would be lower and PR-AUC is the metric to watch.",
  "n_train": 524,
  "n_val": 112,
  "n_test": 112,
  "accuracy": 0.875,
  "roc_auc": 0.9649234693877551,
  "metrics": {
    "accuracy": 0.875,
    "balanced_accuracy": 0.875,
    "precision": 0.8620689655172413,
    "recall": 0.8928571428571429,
    "specificity": 0.8571428571428571,
    "f1": 0.8771929824561403,
    "mcc": 0.7504787743864564,
    "cohen_kappa": 0.75,
    "roc_auc": 0.9649234693877551,
    "pr_auc": 0.9696201507726493,
    "log_loss": 0.2480931850631664,
    "brier_score_loss": 0.07719133049249649
  },
  "confusion_matrix": [
    [
      48,
      8
    ],
    [
      6,
      50
    ]
  ],
  "curves": {
    "roc": {
      "fpr": [
        0.0,
        0.0,
        0.0,
        0.017857142857142856,
        0.017857142857142856,
        0.03571428571428571,
        0.03571428571428571,
        0.08928571428571429,
        0.08928571428571429,
        0.14285714285714285,
        0.14285714285714285,
        0.16071428571428573,
        0.16071428571428573,
        0.19642857142857142,
        0.19642857142857142,
        0.5714285714285714,
        0.5714285714285714,
        1.0
      ],
      "tpr": [
        0.0,
        0.017857142857142856,
        0.7321428571428571,
        0.7321428571428571,
        0.7857142857142857,
        0.7857142857142857,
        0.8214285714285714,
        0.8214285714285714,
        0.875,
        0.875,
        0.9107142857142857,
        0.9107142857142857,
        0.9464285714285714,
        0.9464285714285714,
        0.9821428571428571,
        0.9821428571428571,
        1.0,
        1.0
      ]
    },
    "pr": {
      "precision": [
        0.5,
        0.5045045045045045,
        0.509090909090909,
        0.5137614678899083,
        0.5185185185185185,
        0.5233644859813084,
        0.5283018867924528,
        0.5333333333333333,
        0.5384615384615384,
        0.5436893203883495,
        0.5490196078431373,
        0.5544554455445545,
        0.56,
        0.5656565656565656,
        0.5714285714285714,
        0.5773195876288659,
        0.5833333333333334,
        0.5894736842105263,
        0.5957446808510638,
        0.6021505376344086,
        0.6086956521739131,
        0.6153846153846154,
        0.6222222222222222,
        0.6292134831460674,
        0.6363636363636364,
        0.632183908045977,
        0.6395348837209303,
        0.6470588235294118,
        0.6547619047619048,
        0.6626506024096386,
        0.6707317073170732,
        0.6790123456790124,
        0.6875,
        0.6962025316455697,
        0.7051282051282052,
        0.7142857142857143,
        0.7236842105263158,
        0.7333333333333333,
        0.7432432432432432,
        0.7534246575342466,
        0.7638888888888888,
        0.7746478873239436,
        0.7857142857142857,
        0.7971014492753623,
        0.8088235294117647,
        0.8208955223880597,
        0.8333333333333334,
        0.8307692307692308,
        0.828125,
        0.8412698412698413,
        0.8548387096774194,
        0.8524590163934426,
        0.85,
        0.864406779661017,
        0.8620689655172413,
        0.8596491228070176,
        0.875,
        0.8909090909090909,
        0.9074074074074074,
        0.9056603773584906,
        0.9038461538461539,
        0.9019607843137255,
        0.92,
        0.9387755102040817,
        0.9583333333333334,
        0.9574468085106383,
        0.9565217391304348,
        0.9777777777777777,
        0.9772727272727273,
        0.9767441860465116,
        0.9761904761904762,
        1.0,
        1.0,
        1.0,
        1.0,
        1.0,
        1.0,
        1.0,
        1.0,
        1.0,
        1.0,
        1.0,
        1.0,
        1.0,
        1.0,
        1.0,
        1.0,
        1.0,
        1.0,
        1.0,
        1.0,
        1.0,
        1.0,
        1.0,
        1.0,
        1.0,
        1.0,
        1.0,
        1.0,
        1.0,
        1.0,
        1.0,
        1.0,
        1.0,
        1.0,
        1.0,
        1.0,
        1.0,
        1.0,
        1.0,
        1.0,
        1.0,
        1.0
      ],
      "recall": [
        1.0,
        1.0,
        1.0,
        1.0,
        1.0,
        1.0,
        1.0,
        1.0,
        1.0,
        1.0,
        1.0,
        1.0,
        1.0,
        1.0,
        1.0,
        1.0,
        1.0,
        1.0,
        1.0,
        1.0,
        1.0,
        1.0,
        1.0,
        1.0,
        1.0,
        0.9821428571428571,
        0.9821428571428571,
        0.9821428571428571,
        0.9821428571428571,
        0.9821428571428571,
        0.9821428571428571,
        0.9821428571428571,
        0.9821428571428571,
        0.9821428571428571,
        0.9821428571428571,
        0.9821428571428571,
        0.9821428571428571,
        0.9821428571428571,
        0.9821428571428571,
        0.9821428571428571,
        0.9821428571428571,
        0.9821428571428571,
        0.9821428571428571,
        0.9821428571428571,
        0.9821428571428571,
        0.9821428571428571,
        0.9821428571428571,
        0.9642857142857143,
        0.9464285714285714,
        0.9464285714285714,
        0.9464285714285714,
        0.9285714285714286,
        0.9107142857142857,
        0.9107142857142857,
        0.8928571428571429,
        0.875,
        0.875,
        0.875,
        0.875,
        0.8571428571428571,
        0.8392857142857143,
        0.8214285714285714,
        0.8214285714285714,
        0.8214285714285714,
        0.8214285714285714,
        0.8035714285714286,
        0.7857142857142857,
        0.7857142857142857,
        0.7678571428571429,
        0.75,
        0.7321428571428571,
        0.7321428571428571,
        0.7142857142857143,
        0.6964285714285714,
        0.6785714285714286,
        0.6607142857142857,
        0.6428571428571429,
        0.625,
        0.6071428571428571,
        0.5892857142857143,
        0.5714285714285714,
        0.5535714285714286,
        0.5357142857142857,
        0.5178571428571429,
        0.5,
        0.48214285714285715,
        0.4642857142857143,
        0.44642857142857145,
        0.42857142857142855,
        0.4107142857142857,
        0.39285714285714285,
        0.375,
        0.35714285714285715,
        0.3392857142857143,
        0.32142857142857145,
        0.30357142857142855,
        0.2857142857142857,
        0.26785714285714285,
        0.25,
        0.23214285714285715,
        0.21428571428571427,
        0.19642857142857142,
        0.17857142857142858,
        0.16071428571428573,
        0.14285714285714285,
        0.125,
        0.10714285714285714,
        0.08928571428571429,
        0.07142857142857142,
        0.05357142857142857,
        0.03571428571428571,
        0.017857142857142856,
        0.0
      ]
    },
    "calibration": {
      "prob_pred": [
        0.020000275120966964,
        0.196296826004982,
        0.3203376531600952,
        0.4582359194755554,
        0.5754510641098023,
        0.6777015626430511,
        0.8066244324048361,
        0.9702823479970296
      ],
      "prob_true": [
        0.022222222222222223,
        0.5,
        0.5,
        0.6666666666666666,
        0.4,
        1.0,
        0.3333333333333333,
        0.9777777777777777
      ]
    }
  },
  "plots": {
    "roc": "roc_large.png",
    "pr": "pr_large.png",
    "calibration": "calibration_large.png",
    "confusion": "confusion_large.png",
    "history": "history_large.png"
  },